{"cameraMode":{"drawMode":0,"name":"Shaded","section":"Shading Mode"},"sceneLighting":false,"audioPlay":false,"sceneViewState":{"showFog":false,"showMaterialUpdate":true,"showSkybox":false,"showFlares":false,"showImageEffects":true,"showParticleSystems":true},"in2DMode":false,"pivot":{"x":-2.5585954189300539,"y":0.18000003695487977,"z":-0.36170876026153567},"rotation":{"x":0.3214665949344635,"y":0.6360523700714111,"z":-0.3305293321609497,"w":0.6190428733825684},"size":2.073460340499878,"orthographic":false}