{"cameraMode":{"drawMode":0,"name":"Shaded","section":"Shading Mode"},"sceneLighting":false,"audioPlay":false,"sceneViewState":{"showFog":false,"showMaterialUpdate":true,"showSkybox":false,"showFlares":false,"showImageEffects":true,"showParticleSystems":true},"in2DMode":false,"pivot":{"x":-4.386124134063721,"y":2.7187886238098146,"z":-1.680191993713379},"rotation":{"x":-0.026664361357688905,"y":-0.9270386099815369,"z":0.06491003185510636,"w":-0.3689679801464081},"size":6.634536266326904,"orthographic":false}