{"cameraMode":{"drawMode":0,"name":"Shaded","section":"Shading Mode"},"sceneLighting":false,"audioPlay":false,"sceneViewState":{"showFog":false,"showMaterialUpdate":true,"showSkybox":false,"showFlares":false,"showImageEffects":true,"showParticleSystems":true},"in2DMode":false,"pivot":{"x":7.450580596923828e-7,"y":-0.3716769218444824,"z":0.017000555992126466},"rotation":{"x":-0.26150357723236086,"y":-0.32453030347824099,"z":0.09365175664424896,"w":-0.9043967127799988},"size":2.009014368057251,"orthographic":false}