{"cameraMode":{"drawMode":0,"name":"Shaded","section":"Shading Mode"},"sceneLighting":false,"audioPlay":false,"sceneViewState":{"showFog":false,"showMaterialUpdate":true,"showSkybox":false,"showFlares":false,"showImageEffects":true,"showParticleSystems":true},"in2DMode":false,"pivot":{"x":0.002227695658802986,"y":0.02735530585050583,"z":0.20328933000564576},"rotation":{"x":-0.05463014170527458,"y":-0.8593118786811829,"z":0.09395840764045716,"w":-0.499826043844223},"size":0.8632983565330505,"orthographic":false}