{"cameraMode":{"drawMode":0,"name":"Shaded","section":"Shading Mode"},"sceneLighting":false,"audioPlay":false,"sceneViewState":{"showFog":false,"showMaterialUpdate":true,"showSkybox":false,"showFlares":false,"showImageEffects":true,"showParticleSystems":true},"in2DMode":false,"pivot":{"x":0.011617213487625122,"y":-0.006036520004272461,"z":-0.038065262138843539},"rotation":{"x":0.3196987211704254,"y":0.4180280566215515,"z":-0.15976832807064057,"w":0.8353933691978455},"size":4.237696647644043,"orthographic":false}