{"cameraMode":{"drawMode":0,"name":"Shaded","section":"Shading Mode"},"sceneLighting":false,"audioPlay":false,"sceneViewState":{"showFog":false,"showMaterialUpdate":true,"showSkybox":false,"showFlares":false,"showImageEffects":true,"showParticleSystems":true},"in2DMode":false,"pivot":{"x":0.01161697506904602,"y":-0.006036639213562012,"z":-0.038064904510974887},"rotation":{"x":0.23895660042762757,"y":0.09494759887456894,"z":-0.023269541561603547,"w":0.9662830233573914},"size":3.5732293128967287,"orthographic":false}