{"cameraMode":{"drawMode":0,"name":"Shaded","section":"Shading Mode"},"sceneLighting":false,"audioPlay":false,"sceneViewState":{"showFog":false,"showMaterialUpdate":true,"showSkybox":false,"showFlares":false,"showImageEffects":true,"showParticleSystems":true},"in2DMode":false,"pivot":{"x":-4.599999904632568,"y":2.5799999237060549,"z":-0.8899999856948853},"rotation":{"x":-0.021619422361254693,"y":0.9402208924293518,"z":-0.061380863189697269,"w":-0.3348296582698822},"size":3.6345348358154299,"orthographic":false}