{"cameraMode":{"drawMode":0,"name":"Shaded","section":"Shading Mode"},"sceneLighting":true,"audioPlay":false,"sceneViewState":{"showFog":false,"showMaterialUpdate":true,"showSkybox":true,"showFlares":false,"showImageEffects":true,"showParticleSystems":true},"in2DMode":false,"pivot":{"x":-1.1741068363189698,"y":2.9638752937316896,"z":1.6156518459320069},"rotation":{"x":-0.0746469795703888,"y":-0.6844989657402039,"z":0.7220645546913147,"w":-0.0706113874912262},"size":1.7328548431396485,"orthographic":false}