{"cameraMode":{"drawMode":0,"name":"Shaded","section":"Shading Mode"},"sceneLighting":false,"audioPlay":false,"sceneViewState":{"showFog":false,"showMaterialUpdate":true,"showSkybox":false,"showFlares":false,"showImageEffects":true,"showParticleSystems":true},"in2DMode":false,"pivot":{"x":2.0203561782836916,"y":1.2459380626678467,"z":-0.4337887465953827},"rotation":{"x":0.3196987211704254,"y":0.4180280566215515,"z":-0.15976832807064057,"w":0.8353933691978455},"size":3.6125662326812746,"orthographic":false}