{"cameraMode":{"drawMode":0,"name":"Shaded","section":"Shading Mode"},"sceneLighting":true,"audioPlay":false,"sceneViewState":{"showFog":false,"showMaterialUpdate":true,"showSkybox":true,"showFlares":false,"showImageEffects":true,"showParticleSystems":true},"in2DMode":false,"pivot":{"x":-4.556822299957275,"y":0.9800000190734863,"z":8.180015563964844},"rotation":{"x":0.12545722723007203,"y":-0.827412486076355,"z":0.20436887443065644,"w":0.5082520246505737},"size":1.5345358848571778,"orthographic":false}