{"cameraMode":{"drawMode":0,"name":"Shaded","section":"Shading Mode"},"sceneLighting":true,"audioPlay":false,"sceneViewState":{"showFog":false,"showMaterialUpdate":true,"showSkybox":true,"showFlares":false,"showImageEffects":true,"showParticleSystems":true},"in2DMode":false,"pivot":{"x":-3.9295830726623537,"y":-0.6423212289810181,"z":-0.7523250579833984},"rotation":{"x":-0.0018310913583263755,"y":-0.9943909049034119,"z":0.10661493986845017,"w":-0.016089921817183496},"size":12.338603973388672,"orthographic":false}