{"cameraMode":{"drawMode":0,"name":"Shaded","section":"Shading Mode"},"sceneLighting":true,"audioPlay":false,"sceneViewState":{"showFog":false,"showMaterialUpdate":true,"showSkybox":false,"showFlares":false,"showImageEffects":true,"showParticleSystems":true},"in2DMode":false,"pivot":{"x":2.1841037273406984,"y":-2.2790639400482179,"z":-3.6491825580596926},"rotation":{"x":-0.08712053298950196,"y":-0.9112308621406555,"z":0.250040739774704,"w":-0.3163168728351593},"size":11.677939414978028,"orthographic":false}