{"cameraMode":{"drawMode":0,"name":"Shaded","section":"Shading Mode"},"sceneLighting":false,"audioPlay":false,"sceneViewState":{"showFog":false,"showMaterialUpdate":true,"showSkybox":false,"showFlares":false,"showImageEffects":true,"showParticleSystems":true},"in2DMode":false,"pivot":{"x":-0.0008836686611175537,"y":0.8749897480010986,"z":0.018381565809249879},"rotation":{"x":0.23895660042762757,"y":0.09494759887456894,"z":-0.023269541561603547,"w":0.9662830233573914},"size":3.611142873764038,"orthographic":false}