{"cameraMode":{"drawMode":0,"name":"Shaded","section":"Shading Mode"},"sceneLighting":false,"audioPlay":false,"sceneViewState":{"showFog":false,"showMaterialUpdate":true,"showSkybox":false,"showFlares":false,"showImageEffects":true,"showParticleSystems":true},"in2DMode":false,"pivot":{"x":0.35909149050712588,"y":0.2817799150943756,"z":-0.47828400135040285},"rotation":{"x":-0.2895223796367645,"y":-0.04688349366188049,"z":0.01393265463411808,"w":-0.9561560153961182},"size":3.0775022506713869,"orthographic":false}