{"cameraMode":{"drawMode":0,"name":"Shaded","section":"Shading Mode"},"sceneLighting":false,"audioPlay":false,"sceneViewState":{"showFog":false,"showMaterialUpdate":true,"showSkybox":false,"showFlares":false,"showImageEffects":true,"showParticleSystems":true},"in2DMode":false,"pivot":{"x":0.011617213487625122,"y":-0.006036520004272461,"z":-0.038065262138843539},"rotation":{"x":0.33833619952201846,"y":0.07515645027160645,"z":-0.026881594210863115,"w":0.9378454685211182},"size":11.67323112487793,"orthographic":false}