{"cameraMode":{"drawMode":0,"name":"Shaded","section":"Shading Mode"},"sceneLighting":false,"audioPlay":false,"sceneViewState":{"showFog":false,"showMaterialUpdate":true,"showSkybox":false,"showFlares":false,"showImageEffects":true,"showParticleSystems":true},"in2DMode":false,"pivot":{"x":-2.8984737396240236,"y":1.3300000429153443,"z":-0.5609999895095825},"rotation":{"x":-0.36940333247184756,"y":-0.3735857605934143,"z":0.16500715911388398,"w":-0.8350157737731934},"size":3.0602939128875734,"orthographic":false}