{"cameraMode":{"drawMode":0,"name":"Shaded","section":"Shading Mode"},"sceneLighting":false,"audioPlay":false,"sceneViewState":{"showFog":false,"showMaterialUpdate":true,"showSkybox":false,"showFlares":false,"showImageEffects":true,"showParticleSystems":true},"in2DMode":false,"pivot":{"x":317.1905517578125,"y":-45.78583526611328,"z":-34.69677734375},"rotation":{"x":0.1862451732158661,"y":-0.04683610051870346,"z":0.008881151676177979,"w":0.9815837144851685},"size":2455.79931640625,"orthographic":false}