{"cameraMode":{"drawMode":0,"name":"Shaded","section":"Shading Mode"},"sceneLighting":false,"audioPlay":false,"sceneViewState":{"showFog":false,"showMaterialUpdate":true,"showSkybox":false,"showFlares":false,"showImageEffects":true,"showParticleSystems":true},"in2DMode":false,"pivot":{"x":-2.5585954189300539,"y":0.18000003695487977,"z":-0.36170876026153567},"rotation":{"x":-0.003980930428951979,"y":0.8169075846672058,"z":-0.5770694017410278,"w":-0.006113485433161259},"size":7.180608749389648,"orthographic":false}