{"cameraMode":{"drawMode":0,"name":"Shaded","section":"Shading Mode"},"sceneLighting":false,"audioPlay":false,"sceneViewState":{"showFog":false,"showMaterialUpdate":true,"showSkybox":false,"showFlares":false,"showImageEffects":true,"showParticleSystems":true},"in2DMode":false,"pivot":{"x":408.7782897949219,"y":3.0118212699890138,"z":6.040755271911621},"rotation":{"x":0.1901950240135193,"y":-0.029328543692827226,"z":0.005608364939689636,"w":0.981472373008728},"size":345.00653076171877,"orthographic":false}