{"cameraMode":{"drawMode":0,"name":"Shaded","section":"Shading Mode"},"sceneLighting":false,"audioPlay":false,"sceneViewState":{"showFog":false,"showMaterialUpdate":true,"showSkybox":false,"showFlares":false,"showImageEffects":true,"showParticleSystems":true},"in2DMode":false,"pivot":{"x":0.0061085522174835209,"y":0.894643247127533,"z":0.033664584159851077},"rotation":{"x":-0.2783134877681732,"y":0.36815643310546877,"z":-0.11694621294736862,"w":-0.8796002268791199},"size":3.577935218811035,"orthographic":false}