{"cameraMode":{"drawMode":0,"name":"Shaded","section":"Shading Mode"},"sceneLighting":true,"audioPlay":false,"sceneViewState":{"showFog":false,"showMaterialUpdate":true,"showSkybox":true,"showFlares":false,"showImageEffects":true,"showParticleSystems":true},"in2DMode":false,"pivot":{"x":-2.9503743648529054,"y":1.069631576538086,"z":4.717630386352539},"rotation":{"x":0.28377988934516909,"y":-0.4034411311149597,"z":0.13344141840934754,"w":0.8597980737686157},"size":10.747208595275879,"orthographic":false}