{"cameraMode":{"drawMode":0,"name":"Shaded","section":"Shading Mode"},"sceneLighting":false,"audioPlay":false,"sceneViewState":{"showFog":false,"showMaterialUpdate":true,"showSkybox":false,"showFlares":false,"showImageEffects":true,"showParticleSystems":true},"in2DMode":false,"pivot":{"x":-2.5585954189300539,"y":0.18000003695487977,"z":-0.36170876026153567},"rotation":{"x":0.3883683681488037,"y":-0.6099145412445068,"z":0.4565611779689789,"w":0.5187429189682007},"size":1.320349931716919,"orthographic":false}