{"cameraMode":{"drawMode":0,"name":"Shaded","section":"Shading Mode"},"sceneLighting":false,"audioPlay":false,"sceneViewState":{"showFog":false,"showMaterialUpdate":true,"showSkybox":false,"showFlares":false,"showImageEffects":true,"showParticleSystems":true},"in2DMode":false,"pivot":{"x":-2.5585954189300539,"y":0.8550000190734863,"z":-0.36170876026153567},"rotation":{"x":0.23895660042762757,"y":0.09494759887456894,"z":-0.023269541561603547,"w":0.9662830233573914},"size":3.6345348358154299,"orthographic":false}