{"cameraMode":{"drawMode":0,"name":"Shaded","section":"Shading Mode"},"sceneLighting":true,"audioPlay":false,"sceneViewState":{"showFog":false,"showMaterialUpdate":true,"showSkybox":true,"showFlares":false,"showImageEffects":true,"showParticleSystems":true},"in2DMode":false,"pivot":{"x":-3.0094516277313234,"y":0.6085888147354126,"z":1.0269131660461426},"rotation":{"x":0.1124010756611824,"y":0.8175122737884522,"z":-0.17036008834838868,"w":0.5388262867927551},"size":5.547402858734131,"orthographic":false}