{"cameraMode":{"drawMode":0,"name":"Shaded","section":"Shading Mode"},"sceneLighting":false,"audioPlay":false,"sceneViewState":{"showFog":false,"showMaterialUpdate":true,"showSkybox":false,"showFlares":false,"showImageEffects":true,"showParticleSystems":true},"in2DMode":false,"pivot":{"x":-3.5762786865234377e-7,"y":0.8638005256652832,"z":0.0019364655017852784},"rotation":{"x":0.04460360109806061,"y":-0.7171931266784668,"z":-0.046100933104753497,"w":-0.6939221620559692},"size":4.777554512023926,"orthographic":false}