{"cameraMode":{"drawMode":0,"name":"Shaded","section":"Shading Mode"},"sceneLighting":true,"audioPlay":false,"sceneViewState":{"showFog":false,"showMaterialUpdate":true,"showSkybox":true,"showFlares":false,"showImageEffects":true,"showParticleSystems":true},"in2DMode":false,"pivot":{"x":-2.623500347137451,"y":0.7417525053024292,"z":1.4518837928771973},"rotation":{"x":0.08085918426513672,"y":-0.6987468004226685,"z":0.07962322980165482,"w":0.7065097689628601},"size":4.689085006713867,"orthographic":false}