{"cameraMode":{"drawMode":0,"name":"Shaded","section":"Shading Mode"},"sceneLighting":false,"audioPlay":false,"sceneViewState":{"showFog":false,"showMaterialUpdate":true,"showSkybox":false,"showFlares":false,"showImageEffects":true,"showParticleSystems":true},"in2DMode":false,"pivot":{"x":-3.5762786865234377e-7,"y":0.8638005256652832,"z":-0.07060578465461731},"rotation":{"x":-0.10510367155075073,"y":0.015526500530540944,"z":-0.0016378209693357349,"w":-0.9943501949310303},"size":4.727161407470703,"orthographic":false}