{"cameraMode":{"drawMode":0,"name":"Shaded","section":"Shading Mode"},"sceneLighting":true,"audioPlay":false,"sceneViewState":{"showFog":false,"showMaterialUpdate":true,"showSkybox":true,"showFlares":false,"showImageEffects":true,"showParticleSystems":true},"in2DMode":false,"pivot":{"x":-2.2610607147216799,"y":1.065954566001892,"z":1.1880062818527222},"rotation":{"x":0.11831701546907425,"y":-0.7478407025337219,"z":0.1387215256690979,"w":0.6386946439743042},"size":1.234534740447998,"orthographic":false}