{"cameraMode":{"drawMode":0,"name":"Shaded","section":"Shading Mode"},"sceneLighting":false,"audioPlay":false,"sceneViewState":{"showFog":false,"showMaterialUpdate":true,"showSkybox":false,"showFlares":false,"showImageEffects":true,"showParticleSystems":true},"in2DMode":false,"pivot":{"x":869.729736328125,"y":483.3200988769531,"z":-1.561384677886963},"rotation":{"x":-0.22984488308429719,"y":-0.019881373271346093,"z":0.0046086483635008339,"w":-0.9732548594474793},"size":1284.6060791015625,"orthographic":false}