{"cameraMode":{"drawMode":0,"name":"Shaded","section":"Shading Mode"},"sceneLighting":true,"audioPlay":false,"sceneViewState":{"showFog":false,"showMaterialUpdate":true,"showSkybox":true,"showFlares":false,"showImageEffects":true,"showParticleSystems":true},"in2DMode":false,"pivot":{"x":-3.038398027420044,"y":0.6634849309921265,"z":0.5258636474609375},"rotation":{"x":-0.026442572474479677,"y":0.8810059428215027,"z":-0.049809087067842486,"w":-0.470196396112442},"size":2.887723445892334,"orthographic":false}