{"cameraMode":{"drawMode":0,"name":"Shaded","section":"Shading Mode"},"sceneLighting":false,"audioPlay":false,"sceneViewState":{"showFog":false,"showMaterialUpdate":true,"showSkybox":false,"showFlares":false,"showImageEffects":true,"showParticleSystems":true},"in2DMode":false,"pivot":{"x":0.6785285472869873,"y":-0.006036639213562012,"z":-3.4302785396575929},"rotation":{"x":0.005915352609008551,"y":0.9944934844970703,"z":-0.07862142473459244,"w":0.07160686701536179},"size":7.340346336364746,"orthographic":false}