{"cameraMode":{"drawMode":0,"name":"Shaded","section":"Shading Mode"},"sceneLighting":true,"audioPlay":false,"sceneViewState":{"showFog":false,"showMaterialUpdate":true,"showSkybox":true,"showFlares":false,"showImageEffects":true,"showParticleSystems":true},"in2DMode":false,"pivot":{"x":-2.1666793823242189,"y":0.8540564179420471,"z":1.3085802793502808},"rotation":{"x":-0.36940333247184756,"y":-0.3735857605934143,"z":0.16500715911388398,"w":-0.8350157737731934},"size":4.671816349029541,"orthographic":false}