{"cameraMode":{"drawMode":0,"name":"Shaded","section":"Shading Mode"},"sceneLighting":false,"audioPlay":false,"sceneViewState":{"showFog":false,"showMaterialUpdate":true,"showSkybox":false,"showFlares":false,"showImageEffects":true,"showParticleSystems":true},"in2DMode":false,"pivot":{"x":0.2506712079048157,"y":-2.1107747554779054,"z":0.2432864010334015},"rotation":{"x":-0.36940333247184756,"y":-0.3735857605934143,"z":0.16500715911388398,"w":-0.8350157737731934},"size":22.0,"orthographic":false}