{"cameraMode":{"drawMode":0,"name":"Shaded","section":"Shading Mode"},"sceneLighting":true,"audioPlay":false,"sceneViewState":{"showFog":false,"showMaterialUpdate":true,"showSkybox":true,"showFlares":false,"showImageEffects":true,"showParticleSystems":true},"in2DMode":false,"pivot":{"x":-2.6912357807159426,"y":0.8375841379165649,"z":0.9022658467292786},"rotation":{"x":-0.3572452962398529,"y":0.36624953150749209,"z":-0.15502884984016419,"w":-0.8454033732414246},"size":14.006543159484864,"orthographic":false}