{"cameraMode":{"drawMode":0,"name":"Shaded","section":"Shading Mode"},"sceneLighting":false,"audioPlay":false,"sceneViewState":{"showFog":false,"showMaterialUpdate":true,"showSkybox":false,"showFlares":false,"showImageEffects":true,"showParticleSystems":true},"in2DMode":false,"pivot":{"x":-2.8984737396240236,"y":1.3300000429153443,"z":0.7110000848770142},"rotation":{"x":0.34978604316711428,"y":0.25858262181282046,"z":-0.1010502502322197,"w":0.8948758244514465},"size":3.0602939128875734,"orthographic":false}