{"cameraMode":{"drawMode":0,"name":"Shaded","section":"Shading Mode"},"sceneLighting":true,"audioPlay":false,"sceneViewState":{"showFog":false,"showMaterialUpdate":true,"showSkybox":true,"showFlares":false,"showImageEffects":true,"showParticleSystems":true},"in2DMode":false,"pivot":{"x":-10.327577590942383,"y":-7.052338600158691,"z":21.358936309814454},"rotation":{"x":0.1732708364725113,"y":-0.7569984197616577,"z":0.22256310284137727,"w":0.5895732641220093},"size":15.314509391784668,"orthographic":false}