{"cameraMode":{"drawMode":0,"name":"Shaded","section":"Shading Mode"},"sceneLighting":false,"audioPlay":false,"sceneViewState":{"showFog":false,"showMaterialUpdate":true,"showSkybox":false,"showFlares":false,"showImageEffects":true,"showParticleSystems":true},"in2DMode":false,"pivot":{"x":-2.799999952316284,"y":1.0099999904632569,"z":0.7360000014305115},"rotation":{"x":0.15241080522537232,"y":-0.5251256823539734,"z":0.09619119763374329,"w":0.831771731376648},"size":3.70556378364563,"orthographic":false}