{"cameraMode":{"drawMode":0,"name":"Shaded","section":"Shading Mode"},"sceneLighting":false,"audioPlay":false,"sceneViewState":{"showFog":false,"showMaterialUpdate":true,"showSkybox":false,"showFlares":false,"showImageEffects":true,"showParticleSystems":true},"in2DMode":false,"pivot":{"x":-0.0005195662379264832,"y":1.8130395412445069,"z":0.050060153007507327},"rotation":{"x":-0.32395613193511965,"y":0.49085733294487,"z":-0.20335793495178224,"w":-0.7830478549003601},"size":0.7365434765815735,"orthographic":false}