{"cameraMode":{"drawMode":0,"name":"Shaded","section":"Shading Mode"},"sceneLighting":true,"audioPlay":false,"sceneViewState":{"showFog":false,"showMaterialUpdate":true,"showSkybox":true,"showFlares":false,"showImageEffects":true,"showParticleSystems":true},"in2DMode":false,"pivot":{"x":-8.168319702148438,"y":1.3411794900894166,"z":2.1743414402008058},"rotation":{"x":0.0017866947455331684,"y":-0.9194677472114563,"z":0.3931945562362671,"w":0.004107115790247917},"size":3.9383795261383058,"orthographic":false}