{"cameraMode":{"drawMode":0,"name":"Shaded","section":"Shading Mode"},"sceneLighting":false,"audioPlay":false,"sceneViewState":{"showFog":false,"showMaterialUpdate":true,"showSkybox":false,"showFlares":false,"showImageEffects":true,"showParticleSystems":true},"in2DMode":false,"pivot":{"x":-2.5585954189300539,"y":0.18000003695487977,"z":-0.36170876026153567},"rotation":{"x":-0.19138410687446595,"y":0.5913563370704651,"z":-0.14688405394554139,"w":-0.7697134613990784},"size":3.6345348358154299,"orthographic":false}