{"cameraMode":{"drawMode":0,"name":"Shaded","section":"Shading Mode"},"sceneLighting":true,"audioPlay":false,"sceneViewState":{"showFog":false,"showMaterialUpdate":true,"showSkybox":false,"showFlares":false,"showImageEffects":true,"showParticleSystems":true},"in2DMode":false,"pivot":{"x":870.489990234375,"y":453.3199768066406,"z":-3.3299999237060549},"rotation":{"x":0.29157575964927676,"y":0.1460821032524109,"z":-0.04488730430603027,"w":0.9444517493247986},"size":3260.364013671875,"orthographic":false}