{"cameraMode":{"drawMode":0,"name":"Shaded","section":"Shading Mode"},"sceneLighting":true,"audioPlay":false,"sceneViewState":{"showFog":false,"showMaterialUpdate":true,"showSkybox":true,"showFlares":false,"showImageEffects":true,"showParticleSystems":true},"in2DMode":false,"pivot":{"x":-1.1413474082946778,"y":1.7754831314086915,"z":1.7580070495605469},"rotation":{"x":0.1069841980934143,"y":-0.8307086825370789,"z":0.1714119166135788,"w":0.5192027688026428},"size":0.5328549146652222,"orthographic":false}