{"cameraMode":{"drawMode":0,"name":"Shaded","section":"Shading Mode"},"sceneLighting":false,"audioPlay":false,"sceneViewState":{"showFog":false,"showMaterialUpdate":true,"showSkybox":false,"showFlares":false,"showImageEffects":true,"showParticleSystems":true},"in2DMode":false,"pivot":{"x":-2.5585954189300539,"y":0.8550000190734863,"z":-0.36170876026153567},"rotation":{"x":-0.1795072853565216,"y":0.2469143122434616,"z":-0.04702554643154144,"w":-0.9512996673583984},"size":3.334533452987671,"orthographic":false}