{"cameraMode":{"drawMode":0,"name":"Shaded","section":"Shading Mode"},"sceneLighting":false,"audioPlay":false,"sceneViewState":{"showFog":false,"showMaterialUpdate":true,"showSkybox":false,"showFlares":false,"showImageEffects":true,"showParticleSystems":true},"in2DMode":false,"pivot":{"x":8.940696716308594e-8,"y":-1.1920928955078126e-7,"z":0.0},"rotation":{"x":-0.016345908865332605,"y":-0.9839521050453186,"z":0.13333171606063844,"w":-0.11912713944911957},"size":3.405918598175049,"orthographic":false}