{"cameraMode":{"drawMode":0,"name":"Shaded","section":"Shading Mode"},"sceneLighting":false,"audioPlay":false,"sceneViewState":{"showFog":false,"showMaterialUpdate":true,"showSkybox":false,"showFlares":false,"showImageEffects":true,"showParticleSystems":true},"in2DMode":false,"pivot":{"x":-4.840000152587891,"y":2.509999990463257,"z":-0.8899999856948853},"rotation":{"x":0.34562626481056216,"y":-0.39052116870880129,"z":0.16123059391975404,"w":0.838114321231842},"size":3.6345348358154299,"orthographic":false}