{"cameraMode":{"drawMode":0,"name":"Shaded","section":"Shading Mode"},"sceneLighting":false,"audioPlay":false,"sceneViewState":{"showFog":false,"showMaterialUpdate":true,"showSkybox":false,"showFlares":false,"showImageEffects":true,"showParticleSystems":true},"in2DMode":false,"pivot":{"x":857.916748046875,"y":445.4270324707031,"z":-6.598918437957764},"rotation":{"x":0.40321826934814455,"y":-0.2321789413690567,"z":0.10653454065322876,"w":0.8787360191345215},"size":3418.2001953125,"orthographic":false}