{"cameraMode":{"drawMode":0,"name":"Shaded","section":"Shading Mode"},"sceneLighting":false,"audioPlay":false,"sceneViewState":{"showFog":false,"showMaterialUpdate":true,"showSkybox":false,"showFlares":false,"showImageEffects":true,"showParticleSystems":true},"in2DMode":false,"pivot":{"x":-2.824493169784546,"y":0.8594447374343872,"z":2.3650782108306886},"rotation":{"x":0.28377988934516909,"y":-0.4034411311149597,"z":0.13344141840934754,"w":0.8597980737686157},"size":22.0,"orthographic":false}