{"cameraMode":{"drawMode":0,"name":"Shaded","section":"Shading Mode"},"sceneLighting":false,"audioPlay":false,"sceneViewState":{"showFog":false,"showMaterialUpdate":true,"showSkybox":false,"showFlares":false,"showImageEffects":true,"showParticleSystems":true},"in2DMode":false,"pivot":{"x":-4.482983589172363,"y":2.031261444091797,"z":-1.4759308099746705},"rotation":{"x":-0.1601773053407669,"y":-0.6802816987037659,"z":0.15497609972953797,"w":-0.6985782980918884},"size":3.091313362121582,"orthographic":false}