{"cameraMode":{"drawMode":0,"name":"Shaded","section":"Shading Mode"},"sceneLighting":true,"audioPlay":false,"sceneViewState":{"showFog":false,"showMaterialUpdate":true,"showSkybox":true,"showFlares":false,"showImageEffects":true,"showParticleSystems":true},"in2DMode":false,"pivot":{"x":1533.98046875,"y":489.938720703125,"z":-13.716814041137696},"rotation":{"x":0.157758429646492,"y":0.01671924814581871,"z":-0.0024611884728074075,"w":0.9875150322914124},"size":800.0294189453125,"orthographic":false}