{"cameraMode":{"drawMode":0,"name":"Shaded","section":"Shading Mode"},"sceneLighting":true,"audioPlay":false,"sceneViewState":{"showFog":false,"showMaterialUpdate":true,"showSkybox":true,"showFlares":false,"showImageEffects":true,"showParticleSystems":true},"in2DMode":false,"pivot":{"x":0.9587332010269165,"y":-1.9853932857513428,"z":14.86469841003418},"rotation":{"x":-0.09224139153957367,"y":-0.9018757939338684,"z":0.34965839982032778,"w":-0.23736535012722016},"size":8.531814575195313,"orthographic":false}