{"cameraMode":{"drawMode":0,"name":"Shaded","section":"Shading Mode"},"sceneLighting":false,"audioPlay":false,"sceneViewState":{"showFog":false,"showMaterialUpdate":true,"showSkybox":false,"showFlares":false,"showImageEffects":true,"showParticleSystems":true},"in2DMode":false,"pivot":{"x":-0.06000000238418579,"y":1.595068335533142,"z":-0.25},"rotation":{"x":0.1660127192735672,"y":0.2971145212650299,"z":-0.05228634178638458,"w":0.9390361905097961},"size":1.7243871688842774,"orthographic":false}