{"cameraMode":{"drawMode":0,"name":"Shaded","section":"Shading Mode"},"sceneLighting":false,"audioPlay":false,"sceneViewState":{"showFog":false,"showMaterialUpdate":true,"showSkybox":false,"showFlares":false,"showImageEffects":true,"showParticleSystems":true},"in2DMode":false,"pivot":{"x":0.07983697950839997,"y":1.4259672164916993,"z":0.02716376632452011},"rotation":{"x":0.28377988934516909,"y":-0.4034411311149597,"z":0.13344141840934754,"w":0.8597980737686157},"size":22.0,"orthographic":false}