{"cameraMode":{"drawMode":0,"name":"Shaded","section":"Shading Mode"},"sceneLighting":false,"audioPlay":false,"sceneViewState":{"showFog":false,"showMaterialUpdate":true,"showSkybox":false,"showFlares":false,"showImageEffects":true,"showParticleSystems":true},"in2DMode":false,"pivot":{"x":-2.9800000190734865,"y":0.8825885057449341,"z":0.0},"rotation":{"x":0.07763125747442246,"y":-0.8318353295326233,"z":0.12035689502954483,"w":0.5363022089004517},"size":3.471121072769165,"orthographic":false}