{"cameraMode":{"drawMode":0,"name":"Shaded","section":"Shading Mode"},"sceneLighting":true,"audioPlay":false,"sceneViewState":{"showFog":false,"showMaterialUpdate":true,"showSkybox":false,"showFlares":false,"showImageEffects":true,"showParticleSystems":true},"in2DMode":false,"pivot":{"x":876.989990234375,"y":460.8199768066406,"z":-3.3299999237060549},"rotation":{"x":0.23895660042762757,"y":0.09494759887456894,"z":-0.023269541561603547,"w":0.9662830233573914},"size":3290.887451171875,"orthographic":false}