{"cameraMode":{"drawMode":0,"name":"Shaded","section":"Shading Mode"},"sceneLighting":false,"audioPlay":false,"sceneViewState":{"showFog":false,"showMaterialUpdate":true,"showSkybox":false,"showFlares":false,"showImageEffects":true,"showParticleSystems":true},"in2DMode":false,"pivot":{"x":2.031973361968994,"y":1.2399015426635743,"z":-0.47185397148132326},"rotation":{"x":0.12089279294013977,"y":-0.5787358283996582,"z":0.08740675449371338,"w":0.8020007610321045},"size":3.5732266902923586,"orthographic":false}