{"cameraMode":{"drawMode":0,"name":"Shaded","section":"Shading Mode"},"sceneLighting":false,"audioPlay":false,"sceneViewState":{"showFog":false,"showMaterialUpdate":true,"showSkybox":false,"showFlares":false,"showImageEffects":true,"showParticleSystems":true},"in2DMode":false,"pivot":{"x":8.940696716308594e-8,"y":-1.1920928955078126e-7,"z":0.0},"rotation":{"x":-0.26150357723236086,"y":-0.32453030347824099,"z":0.09365175664424896,"w":-0.9043967127799988},"size":3.6125662326812746,"orthographic":false}