{"cameraMode":{"drawMode":0,"name":"Shaded","section":"Shading Mode"},"sceneLighting":true,"audioPlay":false,"sceneViewState":{"showFog":false,"showMaterialUpdate":true,"showSkybox":true,"showFlares":false,"showImageEffects":true,"showParticleSystems":true},"in2DMode":false,"pivot":{"x":0.21961736679077149,"y":2.979456663131714,"z":3.545435905456543},"rotation":{"x":-0.10765521228313446,"y":-0.490287184715271,"z":0.060772866010665897,"w":-0.8630394339561462},"size":9.681991577148438,"orthographic":false}