{"cameraMode":{"drawMode":0,"name":"Shaded","section":"Shading Mode"},"sceneLighting":false,"audioPlay":false,"sceneViewState":{"showFog":false,"showMaterialUpdate":true,"showSkybox":false,"showFlares":false,"showImageEffects":true,"showParticleSystems":true},"in2DMode":false,"pivot":{"x":5.122274160385132e-9,"y":0.01935434527695179,"z":-0.022495495155453683},"rotation":{"x":-0.26150357723236086,"y":-0.32453030347824099,"z":0.09365175664424896,"w":-0.9043967127799988},"size":0.014630438759922982,"orthographic":false}