{"cameraMode":{"drawMode":0,"name":"Shaded","section":"Shading Mode"},"sceneLighting":false,"audioPlay":false,"sceneViewState":{"showFog":false,"showMaterialUpdate":true,"showSkybox":false,"showFlares":false,"showImageEffects":true,"showParticleSystems":true},"in2DMode":false,"pivot":{"x":-4.889999866485596,"y":2.625999927520752,"z":-1.0089999437332154},"rotation":{"x":-0.2209901511669159,"y":0.3905969262123108,"z":-0.09752143919467926,"w":-0.8885481357574463},"size":3.6345348358154299,"orthographic":false}