{"cameraMode":{"drawMode":0,"name":"Shaded","section":"Shading Mode"},"sceneLighting":false,"audioPlay":false,"sceneViewState":{"showFog":false,"showMaterialUpdate":true,"showSkybox":false,"showFlares":false,"showImageEffects":true,"showParticleSystems":true},"in2DMode":false,"pivot":{"x":0.00007590651512145996,"y":0.2886125445365906,"z":0.03451012074947357},"rotation":{"x":-0.00043133299914188683,"y":-0.9985630512237549,"z":0.0572897233068943,"w":-0.0056763095781207088},"size":1.8489034175872803,"orthographic":false}