{"cameraMode":{"drawMode":0,"name":"Shaded","section":"Shading Mode"},"sceneLighting":true,"audioPlay":false,"sceneViewState":{"showFog":false,"showMaterialUpdate":true,"showSkybox":true,"showFlares":false,"showImageEffects":true,"showParticleSystems":true},"in2DMode":false,"pivot":{"x":-3.023878574371338,"y":0.7917101383209229,"z":-1.1638731956481934},"rotation":{"x":0.29157575964927676,"y":0.1460821032524109,"z":-0.04488730430603027,"w":0.9444517493247986},"size":10.00481128692627,"orthographic":false}