{"cameraMode":{"drawMode":0,"name":"Shaded","section":"Shading Mode"},"sceneLighting":false,"audioPlay":false,"sceneViewState":{"showFog":false,"showMaterialUpdate":true,"showSkybox":false,"showFlares":false,"showImageEffects":true,"showParticleSystems":true},"in2DMode":false,"pivot":{"x":0.0,"y":0.8603601455688477,"z":0.0037910491228103639},"rotation":{"x":0.17299048602581025,"y":-0.8262611627578735,"z":0.3979175090789795,"w":0.3592092990875244},"size":4.760710716247559,"orthographic":false}