{"cameraMode":{"drawMode":0,"name":"Shaded","section":"Shading Mode"},"sceneLighting":false,"audioPlay":false,"sceneViewState":{"showFog":false,"showMaterialUpdate":true,"showSkybox":false,"showFlares":false,"showImageEffects":true,"showParticleSystems":true},"in2DMode":false,"pivot":{"x":-2.573180675506592,"y":0.1972295343875885,"z":-0.842125654220581},"rotation":{"x":0.09676805883646012,"y":-0.08222679793834686,"z":0.007724596653133631,"w":0.9920608997344971},"size":3.659430980682373,"orthographic":false}