{"cameraMode":{"drawMode":0,"name":"Shaded","section":"Shading Mode"},"sceneLighting":false,"audioPlay":false,"sceneViewState":{"showFog":false,"showMaterialUpdate":true,"showSkybox":false,"showFlares":false,"showImageEffects":true,"showParticleSystems":true},"in2DMode":false,"pivot":{"x":-2.809999942779541,"y":1.5390000343322755,"z":3.1040000915527345},"rotation":{"x":0.07763125747442246,"y":-0.8318353295326233,"z":0.12035689502954483,"w":0.5363022089004517},"size":3.70556378364563,"orthographic":false}