{"cameraMode":{"drawMode":0,"name":"Shaded","section":"Shading Mode"},"sceneLighting":true,"audioPlay":false,"sceneViewState":{"showFog":false,"showMaterialUpdate":true,"showSkybox":true,"showFlares":false,"showImageEffects":true,"showParticleSystems":true},"in2DMode":false,"pivot":{"x":0.17790096998214723,"y":3.1890087127685549,"z":5.674333572387695},"rotation":{"x":-0.32395613193511965,"y":0.49085733294487,"z":-0.20335793495178224,"w":-0.7830478549003601},"size":4.516800880432129,"orthographic":false}