{"cameraMode":{"drawMode":0,"name":"Shaded","section":"Shading Mode"},"sceneLighting":false,"audioPlay":false,"sceneViewState":{"showFog":false,"showMaterialUpdate":true,"showSkybox":false,"showFlares":false,"showImageEffects":true,"showParticleSystems":true},"in2DMode":false,"pivot":{"x":-2.7994089126586916,"y":1.5238615274429322,"z":0.8600025177001953},"rotation":{"x":0.5493996739387512,"y":0.2698196470737457,"z":-0.1932978332042694,"w":0.7669574618339539},"size":4.260293960571289,"orthographic":false}