{"cameraMode":{"drawMode":0,"name":"Shaded","section":"Shading Mode"},"sceneLighting":false,"audioPlay":false,"sceneViewState":{"showFog":false,"showMaterialUpdate":true,"showSkybox":false,"showFlares":false,"showImageEffects":true,"showParticleSystems":true},"in2DMode":false,"pivot":{"x":-0.299147367477417,"y":-0.009561685845255852,"z":-0.5122090578079224},"rotation":{"x":-0.10081863403320313,"y":0.8835057616233826,"z":-0.2227134108543396,"w":-0.4001913070678711},"size":6.087471008300781,"orthographic":false}