{"cameraMode":{"drawMode":0,"name":"Shaded","section":"Shading Mode"},"sceneLighting":true,"audioPlay":false,"sceneViewState":{"showFog":false,"showMaterialUpdate":true,"showSkybox":true,"showFlares":false,"showImageEffects":true,"showParticleSystems":true},"in2DMode":false,"pivot":{"x":-12.942191123962403,"y":1.616403579711914,"z":2.9947402477264406},"rotation":{"x":0.09523996710777283,"y":-0.6991050839424133,"z":0.09468551725149155,"w":0.7023653388023377},"size":14.40677261352539,"orthographic":false}