{"cameraMode":{"drawMode":0,"name":"Shaded","section":"Shading Mode"},"sceneLighting":false,"audioPlay":false,"sceneViewState":{"showFog":false,"showMaterialUpdate":true,"showSkybox":false,"showFlares":false,"showImageEffects":true,"showParticleSystems":true},"in2DMode":false,"pivot":{"x":0.079833984375,"y":1.42596435546875,"z":0.02716376632452011},"rotation":{"x":0.1592470109462738,"y":-0.014483785256743431,"z":0.0025432417169213297,"w":0.9873681664466858},"size":3095.20751953125,"orthographic":false}