{"cameraMode":{"drawMode":0,"name":"Shaded","section":"Shading Mode"},"sceneLighting":false,"audioPlay":false,"sceneViewState":{"showFog":false,"showMaterialUpdate":true,"showSkybox":false,"showFlares":false,"showImageEffects":true,"showParticleSystems":true},"in2DMode":false,"pivot":{"x":-2.799999952316284,"y":1.0099999904632569,"z":0.7360000014305115},"rotation":{"x":0.07763125747442246,"y":-0.8318353295326233,"z":0.12035689502954483,"w":0.5363022089004517},"size":3.70556378364563,"orthographic":false}