{"cameraMode":{"drawMode":0,"name":"Shaded","section":"Shading Mode"},"sceneLighting":true,"audioPlay":false,"sceneViewState":{"showFog":false,"showMaterialUpdate":true,"showSkybox":true,"showFlares":false,"showImageEffects":true,"showParticleSystems":true},"in2DMode":false,"pivot":{"x":0.07983697950839997,"y":1.4259672164916993,"z":0.02716376632452011},"rotation":{"x":0.1637825071811676,"y":-0.8332487940788269,"z":0.3323917090892792,"w":0.4109194278717041},"size":22.0,"orthographic":false}