{"cameraMode":{"drawMode":0,"name":"Shaded","section":"Shading Mode"},"sceneLighting":false,"audioPlay":false,"sceneViewState":{"showFog":false,"showMaterialUpdate":true,"showSkybox":false,"showFlares":false,"showImageEffects":true,"showParticleSystems":true},"in2DMode":false,"pivot":{"x":828.2638549804688,"y":148.73138427734376,"z":260.0088195800781},"rotation":{"x":0.044960763305425647,"y":-0.9541438221931458,"z":0.22991465032100678,"w":0.1876131296157837},"size":2019.7510986328125,"orthographic":false}