{"cameraMode":{"drawMode":0,"name":"Shaded","section":"Shading Mode"},"sceneLighting":false,"audioPlay":false,"sceneViewState":{"showFog":false,"showMaterialUpdate":true,"showSkybox":false,"showFlares":false,"showImageEffects":true,"showParticleSystems":true},"in2DMode":false,"pivot":{"x":0.012038156390190125,"y":0.010044099763035775,"z":0.6157040596008301},"rotation":{"x":-0.12645494937896729,"y":-0.873559296131134,"z":0.3339575231075287,"w":-0.33110150694847109},"size":0.25489646196365359,"orthographic":false}