{"cameraMode":{"drawMode":0,"name":"Shaded","section":"Shading Mode"},"sceneLighting":false,"audioPlay":false,"sceneViewState":{"showFog":false,"showMaterialUpdate":true,"showSkybox":false,"showFlares":false,"showImageEffects":true,"showParticleSystems":true},"in2DMode":false,"pivot":{"x":0.012038156390190125,"y":0.010044099763035775,"z":0.6157040596008301},"rotation":{"x":-0.11165887117385864,"y":-0.5831978917121887,"z":0.08140777051448822,"w":-0.8006495833396912},"size":1.2705225944519044,"orthographic":true}