{"cameraMode":{"drawMode":0,"name":"Shaded","section":"Shading Mode"},"sceneLighting":true,"audioPlay":false,"sceneViewState":{"showFog":false,"showMaterialUpdate":true,"showSkybox":true,"showFlares":false,"showImageEffects":true,"showParticleSystems":true},"in2DMode":false,"pivot":{"x":-0.5320727825164795,"y":0.06329193711280823,"z":0.6394780874252319},"rotation":{"x":-0.05906982719898224,"y":-0.9391918182373047,"z":0.2672206461429596,"w":-0.20759297907352448},"size":8.125901222229004,"orthographic":false}